First name,Last Name
Michael,Smith
Christopher,Johnson
Jessica,Williams
Matthew,Jones
Ashley,Brown
Jennifer,Davis
Joshua,Miller
Amanda,Wilson
Daniel,Moore
David,Taylor
James,Anderson
Robert,Thomas
John,Jackson
Joseph,White
Andrew,Harris
Ryan,Martin
Brandon,Thompson
Jason,Garcia
Justin,Martinez
Sarah,Robinson
William,Clark
Jonathan,Rodriguez
Stephanie,Lewis
Brian,Lee
Nicole,Walker
Nicholas,Hall
Anthony,Allen
Heather,Young
Eric,Hernandez
Elizabeth,King
Adam,Wright
Megan,Lopez
Melissa,Hill
Kevin,Scott
Steven,Green
Thomas,Adams
Timothy,Baker
Christina,Gonzalez
Kyle,Nelson
Rachel,Carter
Laura,Mitchell
Lauren,Perez
Amber,Roberts
Brittany,Turner
Danielle,Phillips
Richard,Campbell
Kimberly,Parker
Jeffrey,Evans
Amy,Edwards
Crystal,Collins
Michelle,Stewart
Tiffany,Sanchez
Jeremy,Morris
Benjamin,Rogers
Mark,Reed
Emily,Cook
Aaron,Morgan
Charles,Bell
Rebecca,Murphy
Jacob,Bailey
Stephen,Rivera
Patrick,Cooper
Sean,Richardson
Erin,Cox
Zachary,Howard
Jamie,Ward
Kelly,Torres
Samantha,Peterson
Nathan,Gray
Sara,Ramirez
Dustin,James
Paul,Watson
Angela,Brooks
Tyler,Kelly
Scott,Sanders
Katherine,Price
Andrea,Bennett
Gregory,Wood
Erica,Barnes
Mary,Ross
Travis,Henderson
Lisa,Coleman
Kenneth,Jenkins
Bryan,Perry
Lindsey,Powell
Kristen,Long
Jose,Patterson
Alexander,Hughes
Jesse,Flores
Katie,Washington
Lindsay,Butler
Shannon,Simmons
Vanessa,Foster
Courtney,Gonzales
Christine,Bryant
Alicia,Alexander
Cody,Russell
Allison,Griffin
Bradley,Diaz
Samuel,Hayes
Shawn,Myers
April,Ford
Derek,Hamilton
Kathryn,Graham
Kristin,Sullivan
Chad,Wallace
Jenna,Woods
Tara,Cole
Maria,West
Krystal,Jordan
Jared,Owens
Anna,Reynolds
Edward,Fisher
Julie,Ellis
Peter,Harrison
Holly,Gibson
Marcus,Mcdonald
Kristina,Cruz
Natalie,Marshall
Jordan,Ortiz
Victoria,Gomez
Jacqueline,Murray
Corey,Freeman
Keith,Wells
Monica,Webb
Juan,Simpson
Donald,Stevens
Cassandra,Tucker
Meghan,Porter
Joel,Hunter
Shane,Hicks
Phillip,Crawford
Patricia,Henry
Brett,Boyd
Ronald,Mason
Catherine,Morales
George,Kennedy
Antonio,Warren
Cynthia,Dixon
Stacy,Ramos
Kathleen,Reyes
Raymond,Burns
Carlos,Gordon
Brandi,Shaw
Douglas,Holmes
Nathaniel,Rice
Ian,Robertson
Craig,Hunt
Brandy,Black
Alex,Daniels
Valerie,Palmer
Veronica,Mills
Cory,Nichols
Whitney,Grant
Gary,Knight
Derrick,Ferguson
Philip,Rose
Luis,Stone
Diana,Hawkins
Chelsea,Dunn
Leslie,Perkins
Caitlin,Hudson
Leah,Spencer
Natasha,Gardner
Erika,Stephens
Casey,Payne
Latoya,Pierce
Erik,Berry
Dana,Matthews
Victor,Arnold
Brent,Wagner
Dominique,Willis
Frank,Ray
Brittney,Watkins
Evan,Olson
Gabriel,Carroll
Julia,Duncan
Candice,Snyder
Karen,Hart
Melanie,Cunningham
Adrian,Bradley
Stacey,Lane
Margaret,Andrews
Sheena,Ruiz
Wesley,Harper
Vincent,Fox
Alexandra,Riley
Katrina,Armstrong
Bethany,Carpenter
Nichole,Weaver
Larry,Greene
Jeffery,Lawrence
Curtis,Elliott
Carrie,Chavez
Todd,Sims
Blake,Austin
Christian,Peters
Randy,Kelley
Dennis,Franklin
Alison,Lawson
